{
  "IcoMoonType": "selection",
  "icons": [
    {
      "icon": {
        "paths": [
          "M416 96c0-53.018 42.98-96 96-96s96 42.982 96 96c0 53.020-42.98 96-96 96s-96-42.98-96-96z",
          "M640 320l329.596-142.172-23.77-59.424-401.826 137.596h-64l-401.826-137.596-23.77 59.424 329.596 142.172v256l-131.27 424.57 59.84 22.7 185.716-415.27h27.428l185.716 415.27 59.84-22.7-131.27-424.57z"
        ],
        "tags": [
          "accessibility"
        ],
        "defaultCode": 59826,
        "grid": 16,
        "attrs": []
      },
      "attrs": [],
      "properties": {
        "ligatures": "accessibility",
        "name": "accessibility",
        "order": 5,
        "id": 179,
        "prevSize": 32,
        "code": 127776
      },
      "setIdx": 1,
      "setId": 1,
      "iconIdx": 178
    }
  ],
  "height": 1024,
  "preferences": {
    "showGlyphs": true,
    "showQuickUse": true,
    "showQuickUse2": true,
    "showSVGs": true,
    "fontPref": {
      "prefix": "icon-",
      "metadata": {
        "fontFamily": "icomoon"
      },
      "metrics": {
        "emSize": 1024,
        "baseline": 6.25,
        "whitespace": 50
      },
      "embed": false
    },
    "imagePref": {
      "prefix": "icon-",
      "png": true,
      "useClassSelector": true,
      "color": 0,
      "bgColor": 16777215,
      "classSelector": ".icon",
      "name": "icomoon"
    },
    "historySize": 50,
    "showCodes": true,
    "gridSize": 16
  }
}